districtUbigeo,districtName,mesasConHora,mesasDespues8,mesasDespues10,mesasDespues12,horaMediana,delayPromedioHoras,electoresObservados,asistentesObservados,ausentismoPctObservado,ausentesExtraEstimados,share::RENOVACIÓN POPULAR,lostVotes::RENOVACIÓN POPULAR,share::PARTIDO DEL BUEN GOBIERNO,lostVotes::PARTIDO DEL BUEN GOBIERNO,share::JUNTOS POR EL PERÚ,lostVotes::JUNTOS POR EL PERÚ
140130,SANTIAGO DE SURCO,916,796,275,0,9.241666666666667,2.333788209606987,271145,206947,23.676630585111287,4614.5685479684735,0.41927348885367804,1934.766254661193,0.1665908413472852,768.7448568607881,0.006957626719796684,32.106445429678836
140141,VILLA EL SALVADOR,736,655,287,0,9.633333333333333,2.615670289855072,219772,177623,19.178512276359136,4192.029861457874,0.10708627666861371,448.9088695471683,0.132161182012632,554.0236215225226,0.023183886841452808,97.18754594403045
140136,SAN JUAN DE MIRAFLORES,633,554,226,0,9.466666666666667,2.5186413902053717,189074,146882,22.315072405513185,3468.819622844246,0.16969043990119304,588.6255277383307,0.14129920639091817,490.14145982113604,0.02292531665527934,79.523788273751
140137,SAN JUAN DE LURIGANCHO,2573,376,0,0,7.416666666666667,0.496929654100272,762210,605884,20.509570853176946,2763.543864469964,0.10481720423324813,289.666941649688,0.12017069243664084,332.0969797723859,0.033231723183041774,91.83732470825935
140132,VILLA MARÍA DEL TRIUNFO,1117,513,54,0,7.916666666666667,1.095150701283199,330348,262130,20.650344485209537,2642.449107292047,0.12287690542987051,324.6959690599706,0.12274907060628257,324.3581720444998,0.030742547575284346,81.2356173961934
140106,COMAS,1333,310,12,0,7.5,0.6309452363090773,398319,311941,21.685633876365426,1831.363498636333,0.12643623923557862,231.55071344088964,0.13313377374071017,243.81633366444493,0.020871180842279107,38.22271876798787
140126,SAN MARTÍN DE PORRES,1623,250,5,0,7.383333333333334,0.5003286095707538,479965,374958,21.87805360807559,1754.4267586534713,0.16613674274534565,291.47474706796237,0.14758650521181627,258.9297139597605,0.018366276453727574,32.22228686724684
140101,LIMA,867,306,3,0,7.733333333333333,0.850480584390619,255285,192832,24.464030397398986,1586.6070051373651,0.18188080370721582,288.5733572618827,0.14627578679930578,232.08218801775828,0.01592385178293464,25.264894787573223
140127,SAN MIGUEL,297,269,96,0,9.3,2.4305836139169474,88803,68147,23.26047543438848,1573.0049550606072,0.30785625374992165,484.2594125950224,0.19901673696370523,313.05431338390184,0.007719241687487127,12.142405423727654
140103,ATE,1521,163,1,0,7.316666666666666,0.41490247644093803,450879,354797,21.309930158645667,1366.6211194510204,0.13673098609196843,186.8594532766478,0.11493964833145387,157.0789508720381,0.04325115900263125,59.107947333729996
140115,MIRAFLORES,329,199,80,0,8.3,1.7684903748733538,97454,67921,30.304553943398936,1256.8174752259322,0.47123025852529926,592.2504237698299,0.18360325922945378,230.75578470801443,0.005613117392616437,7.054664029534957
140140,SAN BORJA,265,185,48,0,8.783333333333333,1.870188679245283,79203,60328,23.831168011312702,1079.581618553178,0.4558458957939932,492.1228499921025,0.17022353971284798,183.7702045190476,0.0057915668878503685,6.252469154744493
140119,PUENTE PIEDRA,765,162,1,0,7.5,0.61,226368,181016,20.034633870511733,1008.8701734516809,0.08863426263805771,89.42046392141913,0.11103488541818712,112.01978411103396,0.04864010120177103,49.07154733613805
140109,LA VICTORIA,488,184,6,0,7.766666666666667,0.8545081967213115,145888,106601,26.929562404035973,908.5148198287276,0.1859843245735362,168.96951513089383,0.12295988934993084,111.71088171891269,0.02173812816966344,19.749411597475568
140131,SURQUILLO,224,196,22,0,8.833333333333334,1.8499999999999999,66927,50191,25.006350202459394,902.3637382650744,0.28554745283263694,257.6676669901283,0.17629045233955312,159.0781115935601,0.010043339475254976,9.06274535355627
140108,CHORRILLOS,731,130,0,0,7.5,0.5587551299589603,218569,173229,20.74402133879919,890.0245292099446,0.19393948271736955,172.610896800747,0.14360769722804087,127.81437311631134,0.01553703351057856,13.828340935571816
140142,LOS OLIVOS,854,99,1,0,7.366666666666666,0.46992583918813435,255197,204725,19.77766196311085,874.1827187755042,0.17234521111552137,150.66120522090472,0.15800907372078035,138.12880165643085,0.01919736409691724,16.782003939566366
140105,CARABAYLLO,722,97,0,0,7.483333333333333,0.548522622345337,213476,166509,22.001068035751093,854.1299402369148,0.0967839727878573,82.66608889318374,0.11564646822766533,98.77711099590606,0.043880607751555605,37.47974087639569
140134,INDEPENDENCIA,483,105,1,0,7.5,0.6263975155279502,144284,110799,23.20770147764132,658.4124167515284,0.11712299322551475,77.11523302678407,0.12142190071006093,79.94568709307534,0.025118961146770633,16.538635914932996
140133,JESÚS MARÍA,322,105,10,0,7.658333333333333,0.8710144927536233,95050,71569,24.703840084166227,606.283330509112,0.30990142802982434,187.88806991545178,0.20109313787438393,121.91941737300955,0.009004170352584355,5.4590783898362485
140143,SANTA ANITA,513,75,1,0,7.45,0.5433073424301494,153115,123406,19.403063057179246,606.2574590906636,0.1445009472529664,87.6047771177774,0.1272044404560109,77.11864085591078,0.028803137567720277,17.46211699564493
140110,LA MOLINA,461,90,2,0,7.5,0.605350686912509,137595,106305,22.74065191322359,606.0751445409411,0.3892859352762824,235.9365294903283,0.15773312295031247,95.59812529100466,0.00993131613142751,6.019123859836708
140116,PACHACÁMAC,107,91,30,0,9.15,2.3328660436137074,31728,24029,24.265632879475543,536.6741535879801,0.10143753796315043,54.43890482842235,0.1129952082067895,60.641607723876334,0.06475669838698792,34.75324629598885
140135,EL AGUSTINO,452,64,0,0,7.466666666666667,0.5404498525073747,133316,105630,20.767199735965676,524.9927830413751,0.11569901328331123,60.741146978746585,0.11484497720028672,60.292784198701796,0.0249119275289381,13.07858216434226
140111,LINCE,193,105,2,0,8.083333333333334,1.1533678756476684,56845,42179,25.79998240830328,478.4352828817822,0.29356313971937903,140.45096379530526,0.17877920542575365,85.5342797212507,0.009706623526117661,4.643991172545065
140122,RÍMAC,420,68,1,0,7.433333333333334,0.5280555555555555,123783,95468,22.874708158632444,475.80769417149196,0.15843214756258234,75.38323481438987,0.1304100790513834,62.05011901016073,0.01821475625823452,8.66672117512632
140114,MAGDALENA DEL MAR,79,73,29,0,9.45,2.514135021097046,23621,18236,22.797510689640575,432.79154178785296,0.3281253887299415,142.00989288817,0.2133349919144172,92.32958006793977,0.0074884935937305636,3.2409566880991103
140124,SAN ISIDRO,160,88,6,0,8.075,1.1993750000000003,47736,33571,29.673621585386293,417.4007199764094,0.5278656437321962,220.33149974462953,0.1591373796333514,66.42405683412007,0.00548749584942591,2.290484718417933
140117,PUEBLO LIBRE,236,79,0,0,7.683333333333334,0.8193502824858757,69563,52630,24.341963400083376,416.1460169126968,0.31785318486463665,132.27333684443363,0.20712174784949075,86.19289038356149,0.0067813604939574645,2.822036158809517
140104,BREÑA,253,57,0,0,7.533333333333333,0.6295783926218709,74295,57836,22.153576956726564,343.7140617533584,0.22204295778117147,76.31928690269592,0.16495886496871767,56.69868150062174,0.012303561751810434,4.2289071837480305
140112,LURIGANCHO,435,31,0,0,7.316666666666666,0.36386973180076626,128143,97961,23.55337396502345,341.2057487844589,0.16946101958749513,57.82107407812913,0.09823744973407705,33.5191825951914,0.04950382669606953,16.89099025552849
140113,LURÍN,18,17,17,0,11.191666666666666,3.933333333333334,5330,4185,21.48217636022514,152.41059093383575,0.13741400599753043,20.94334985666926,0.18504145351913917,28.202277278107903,0.04218431066199632,6.429335716131368
140138,SAN LUIS,90,14,0,0,7.475,0.568888888888889,26563,20878,21.401950080939653,110.20446901795037,0.23332153392330385,25.713075756471397,0.15400589970501474,16.97213840262287,0.017132743362831857,1.8881048851216984
140125,BARRANCO,50,13,0,0,7.525,0.7163333333333333,14703,11365,22.702849758552677,76.68033357748708,0.31773884881495656,24.364320917657604,0.17980273811276315,13.787333936632228,0.006388929780656558,0.48990526678388624
140107,CHACLACAYO,39,5,0,0,7.466666666666667,0.48290598290598286,11560,8780,24.048442906574394,40.42743153205123,0.2678884163122342,10.830040608692483,0.11414811108331248,4.614714945333593,0.02129722291718789,0.8609920213074458
140123,SAN BARTOLO,4,4,4,0,11.283333333333333,4.204166666666667,1200,955,20.416666666666668,36.7665650905898,0.205762987012987,7.565198255247171,0.12804383116883117,4.7077318531173225,0.028612012987012988,1.0519654378598138
140102,ANCÓN,37,4,0,0,7.316666666666666,0.4513513513513514,10890,8501,21.937557392102846,36.052368186947014,0.09911886721294613,3.5734698950342447,0.09219323207734768,3.3237843471971926,0.055233654472520315,1.991304047353915
140120,PUNTA HERMOSA,12,9,0,0,8.075,1.1027777777777776,3560,2946,17.247191011235955,28.68885235591988,0.27158135981665393,7.791357534399937,0.15648077412783296,4.4892538254934475,0.03552330022918258,1.019122715470034
140118,PUCUSANA,4,2,2,0,6.341666666666667,2.416666666666667,1092,628,42.49084249084249,19.232302333809017,0.10441853000962875,2.00820873839709,0.10784208837060019,2.074051647852732,0.043436396704825075,0.8353819137184616
140129,SANTA ROSA,24,2,0,0,7.25,0.31458333333333327,7103,5397,24.018020554695198,16.47912185508949,0.11431289927959766,1.8837761968370612,0.0851569933396765,1.403312470057573,0.0678945222237325,1.1188421050179693
140121,PUNTA NEGRA,0,0,0,0,,,0,0,0.0,0.0,0.21333063209076175,0.0,0.1403970826580227,0.0,0.023703403565640196,0.0
140128,SANTA MARÍA DEL MAR,0,0,0,0,,,0,0,0.0,0.0,0.0,0.0,0.0,0.0,0.0,0.0
140139,CIENEGUILLA,0,0,0,0,,,0,0,0.0,0.0,0.11941970238412715,0.0,0.09904528241506214,0.0,0.05445623766600886,0.0
